username,organization
user00397,latitude-dev
user00294,latitude-dev
user00063,latitude-dev
user00171,nikisound
user00171,baruco
user00130,TopicSo
user00130,Bastarbacks
user00130,Haneke
user00124,latitude-dev
user00334,latitude-dev
user00078,AltCtrlSupr
user00078,phpcat
user00078,factorialco
user00078,opencomponents
user00078,cryptorebels
user00078,switchboardoperator
user00078,deplayer
user00137,jotaijs
user00452,EpicGames
user00452,SkylabCoders
user00452,Global-Travel-Hackathon
user00452,swipoo
user00472,Lanica
user00138,Equip9
user00138,blacklane
user00138,jellypoppingcandyshells
user00382,pullpo-io
user00382,clank-so
user00203,HipByte
user00203,RevenueCat
user00203,lana
user00420,InterImm
user00420,NeuPhysics
user00420,neuronstar
user00420,uupers
user00420,datumorphism
user00420,DataHerb
user00420,kausalflow
user00054,Datafarer
user00175,Absolventa
user00175,dotruby
user00347,Itnig
user00347,camaloon
user00088,jazzband
user00088,dev-protocol
user00088,EddieHubCommunity
user00088,Py-Contributors
user00088,WarriorWhoCodes
user00088,AccessibleForAll
user00088,langx
user00133,kestra-io
user00454,grays
user00270,livesession
user00402,OrigenStudio
user00182,PouzinSociety
user00253,liferay
user00265,FlagGrenade
user00265,leCrypt
user00265,Underhive
user00022,zero-to-mastery
user00022,apnaerp
user00022,jscrates
user00022,atomio-corp
user00199,sequelize
user00199,infernojs
user00013,noccylabs
user00106,Applied-Duality
user00296,colmena
user00296,KikstartDev
user00296,nxpm
user00296,kikstart-ui
user00296,nx-go
user00296,angular-starters
user00296,angular-community
user00296,BeeSoftLabs
user00296,Dean-s-List
user00349,tuplejump
user00038,kookjs
user00038,analyzify
user00038,ubgo
user00038,muftjs
user00284,Webgineers
user00284,InteractiveBrokers
user00284,Scalery
user00284,Mobilica
user00284,Confido
user00284,Cloudery
user00284,EpicGames
user00284,stormforger
user00284,github-beta
user00284,Packaje
user00284,gliderlabs
user00284,withcodery
user00284,CallPlanet
user00284,BulgarianChurch
user00284,Krasnoslovie
user00284,cherkva
user00284,FairStartup
user00284,HireLater
user00284,pcvt
user00284,Daskalo
user00284,dear-npm
user00284,ComposableFormation
user00284,dear-aws
user00284,composible
user00284,DarkTheme
user00284,gramLabs
user00284,bgschool
user00284,bgchurch
user00284,BulgarianSchool
user00284,Genomery
user00284,commandli
user00284,FogPress
user00284,mobovida
user00284,FogMage
user00284,TarnovoLeaks
user00284,StZlata
user00284,communy
user00284,BulgarianFest
user00284,ChurchOps
user00284,terrabuild
user00284,yavkoresearch
user00284,shturets
user00284,terraform-contrib
user00284,CommonPledge
user00284,LoanSDK
user00284,SvobodaTools
user00284,AdventOfVim
user00438,ginmon
user00146,macports
user00146,sensible-software
user00146,apple-open-source
user00146,manpgs
user00080,soluble-io
user00091,ideaportriga
user00156,regions-of-indonesia
user00156,hiiiits
user00156,coloradix
user00311,the-firma
user00303,shareworks
user00261,opensource-force
user00470,sequra
user00029,msgr2
user00030,darawish
user00030,zgraveyard
user00030,pulseioapp
user00161,PratoAberto
user00374,fat-whale
user00437,The-VanGuard
user00437,hoppscotch
user00422,Devzstudio
user00422,publicvoidlife
user00422,clixwall
user00132,raystack
user00107,bebiss-tech
user00262,pipefy
user00478,AbellTech
user00478,blueoceanideas
user00049,ChainSafe
user00049,RustToronto
user00049,goerli
user00317,codex-iter
user00287,gelecekbilimde
user00287,frontendship
user00287,cometui
user00287,devsozluk
user00287,Lefineco
user00287,wordigo
user00287,smashing-team
user00169,babel
user00292,watchless-app
user00428,supabase
user00436,Care4-Software
user00044,pynecone-io
user00007,alibaba-ir
user00007,TehranJS-Workshops
user00007,persian-tools
user00185,usherlabs
user00009,gdgchennai
user00009,TheCodeMonks
user00118,localtobacco
user00173,zapier
user00046,acikkaynak
user00046,t-fashion
user00450,OxyoMc
user00039,inditex
user00039,OrdesHub
user00039,plexus-tech
user00039,ObradoiroTech
user00093,esprit-grp
user00082,tranityproject
user00476,opendecide
user00413,Glovo
user00413,Sourcewiz
user00062,IBM
user00065,rosengine
user00065,swipe-engineer
user00417,readybytes
user00463,WordPress
user00274,EpicGames
user00274,NVIDIAGameWorks
user00274,NewVisionFoundation
user00474,greetingcardsapp
user00256,ps2dev
user00256,ps3dev
user00256,elm-city-craftworks
user00256,chaos-eng
user00256,GameHackingDotOrg
user00006,skymakers
user00071,ActiveCampaign
user00071,drufony
user00071,R-Shief
user00115,apache
user00115,codehaus-plexus
user00115,mojohaus
user00217,defteams
user00217,maubelajarapa
user00301,KnightNEThu
user00344,senecon
user00344,secotrust
user00464,kiwify
user00050,EpicGames
user00050,EddieHubCommunity
user00246,Webikon
user00246,wpsk
user00125,cyberfonica
user00125,patientgrid
user00174,jszgb
user00174,reactor-studio
user00240,MicroBlogMVC
user00398,FogViewLab
user00398,dotmind
user00398,SqualeAgency
user00398,FacadeSocials
user00042,opensource-now
user00042,quick-learn
user00042,open-nux
user00042,openreact
user00042,project-nokra
user00042,javaScriptKampala
user00042,BuildForSDG
user00216,NamoxLabs
user00426,astrantialabs
user00426,trashtrack-team
user00440,radi-js
user00330,firevisor
user00385,jamstack-singapore
user00385,supabase
user00285,harmonylabs
user00285,shawee-io
user00285,mibdev
user00285,wipllc
user00304,e-i-o
user00304,Luminous-Games
user00304,fractorysolutions
